{"acc_apple": 0.71, "_timestamp": 1715932350.7495806, "_runtime": 577.8383786678314, "_step": 167, "acc_aquarium_fish": 0.49, "acc_baby": 0.22, "acc_bear": 0.45, "acc_beaver": 0.4, "acc_bed": 0.56, "acc_bee": 0.42, "acc_beetle": 0.36, "acc_bicycle": 0.53, "acc_bottle": 0.72, "acc": 0.4893, "training_loss": 0.5925536436843872, "val_loss": 2.3386412742614744}